"id";"aligned_keyword_id";"keyword_id"
"213";"127";"696"
"214";"256";"696"
"48";"127";"698"
"49";"405";"698"
"384";"155620";"699"
"350";"127";"730"
"351";"660";"730"
"27";"133";"819"
"311";"127";"924"
"312";"531";"924"
"348";"163";"967"
"349";"178";"967"
"766";"163";"968"
"240";"127";"969"
"53";"141";"970"
"78";"121";"971"
"79";"220";"971"
"23";"13";"979"
"24";"127";"979"
"25";"630";"979"
"32";"121";"983"
"33";"228";"983"
"307";"141";"984"
"308";"557";"984"
"60";"141";"985"
"61";"310";"985"
"56";"141";"986"
"57";"397";"986"
"68";"141";"988"
"69";"324";"988"
"64";"141";"989"
"65";"288";"989"
"299";"127";"990"
"300";"614";"990"
"293";"127";"991"
"294";"493";"991"
"305";"127";"992"
"306";"567";"992"
"289";"127";"993"
"290";"379";"993"
"44";"127";"994"
"45";"421";"994"
"16";"127";"995"
"17";"383";"995"
"72";"121";"997"
"73";"463";"997"
"76";"121";"998"
"77";"246";"998"
"677";"121";"999"
"678";"646";"999"
"527";"133";"1011"
"528";"505";"1011"
"415";"133";"1012"
"416";"304";"1012"
"313";"127";"1013"
"314";"395";"1013"
"411";"127";"1014"
"412";"155";"1014"
"245";"127";"1015"
"246";"561";"1015"
"28";"121";"1017"
"29";"268";"1017"
"30";"121";"1018"
"31";"159";"1018"
"420";"121";"1019"
"421";"157";"1019"
"200";"163";"1021"
"201";"519";"1021"
"209";"141";"1023"
"210";"511";"1023"
"2125";"1237523";"1050"
"2123";"648395";"1055"
"340";"127";"1097"
"341";"198";"1097"
"525";"133";"1114"
"526";"343";"1114"
"2129";"1237528";"1117"
"1195";"133";"1125"
"1196";"331";"1125"
"663";"141";"1166"
"664";"640";"1166"
"815";"141";"1167"
"816";"373";"1167"
"366";"141";"1168"
"367";"537";"1168"
"647";"141";"1169"
"648";"599";"1169"
"620";"141";"1170"
"621";"294";"1170"
"117";"127";"1184"
"118";"367";"1184"
"566";"141";"1289"
"567";"513";"1289"
"596";"133";"1311"
"597";"638";"1311"
"689";"141";"1328"
"690";"182";"1328"
"716";"141";"1330"
"717";"387";"1330"
"2144";"2";"1338"
"1176";"163";"1348"
"1177";"533";"1348"
"1035";"155605";"1394"
"280";"141";"1400"
"281";"190";"1400"
"637";"133";"1408"
"638";"610";"1408"
"251";"133";"1410"
"252";"581";"1410"
"2127";"1237524";"1415"
"215";"1";"1450"
"1016";"121";"1455"
"1017";"644";"1455"
"467";"127";"1616"
"468";"335";"1616"
"409";"127";"1767"
"410";"204";"1767"
"315";"127";"1917"
"316";"634";"1917"
"905";"127";"1955"
"906";"547";"1955"
"671";"121";"1967"
"672";"123";"1967"
"405";"121";"1969"
"406";"529";"1969"
"2121";"1237520";"1991"
"817";"688";"2266"
"236";"133";"2282"
"237";"483";"2282"
"451";"133";"2283"
"452";"300";"2283"
"401";"133";"2285"
"402";"453";"2285"
"1392";"133";"2288"
"1393";"308";"2288"
"3";"691";"2369"
"352";"133";"2426"
"353";"489";"2426"
"1423";"14";"2440"
"823";"121";"2504"
"824";"216";"2504"
"2133";"648395";"2505"
"782";"127";"2515"
"783";"389";"2515"
"395";"127";"2824"
"396";"449";"2824"
"845";"141";"2849"
"846";"333";"2849"
"360";"121";"2851"
"361";"252";"2851"
"866";"121";"2852"
"867";"302";"2852"
"514";"141";"2958"
"515";"353";"2958"
"18";"133";"3035"
"19";"670";"3035"
"675";"133";"3066"
"676";"673";"3066"
"1193";"133";"3234"
"1194";"612";"3234"
"657";"141";"3377"
"658";"555";"3377"
"295";"127";"3378"
"296";"523";"3378"
"336";"127";"3379"
"337";"515";"3379"
"628";"127";"3380"
"629";"409";"3380"
"826";"133";"3381"
"827";"314";"3381"
"478";"141";"3387"
"479";"202";"3387"
"364";"141";"3548"
"365";"377";"3548"
"588";"32";"3566"
"590";"169";"3603"
"591";"171";"3603"
"2138";"1237522";"3604"
"109";"141";"3669"
"110";"250";"3669"
"320";"133";"3858"
"321";"489";"3858"
"356";"133";"3875"
"357";"604";"3875"
"702";"691";"3891"
"1167";"34";"3895"
"362";"127";"3917"
"363";"477";"3917"
"598";"4";"4129"
"679";"127";"4143"
"680";"425";"4143"
"505";"121";"4249"
"1251";"121";"4381"
"1252";"577";"4381"
"910";"121";"4396"
"911";"274";"4396"
"930";"141";"4409"
"931";"393";"4409"
"683";"127";"4479"
"684";"198";"4479"
"892";"678";"4780"
"1923";"746426";"4788"
"711";"141";"5053"
"712";"593";"5053"
"2124";"648396";"5124"
"857";"121";"5214"
"858";"276";"5214"
"255";"133";"5216"
"256";"411";"5216"
"535";"127";"5230"
"536";"427";"5230"
"537";"127";"5233"
"538";"541";"5233"
"105";"127";"5235"
"106";"415";"5235"
"821";"133";"5264"
"822";"433";"5264"
"239";"690";"5268"
"1037";"169";"5275"
"238";"690";"5466"
"2130";"1237522";"5639"
"694";"141";"5661"
"695";"180";"5661"
"516";"141";"5981"
"517";"585";"5981"
"36";"13";"6393"
"34";"13";"6394"
"98";"24";"6395"
"87";"2";"6399"
"43";"13";"6400"
"1031";"685";"6576"
"1051";"685";"6577"
"855";"127";"6662"
"856";"391";"6662"
"1387";"14";"6756"
"224";"141";"6780"
"225";"447";"6780"
"618";"141";"6784"
"619";"316";"6784"
"257";"15";"6806"
"673";"141";"6819"
"674";"543";"6819"
"271";"133";"6848"
"272";"563";"6848"
"1042";"127";"6907"
"1043";"161";"6907"
"297";"127";"6908"
"298";"184";"6908"
"630";"141";"6951"
"631";"214";"6951"
"851";"127";"6995"
"852";"429";"6995"
"324";"127";"7191"
"325";"131";"7191"
"924";"121";"7234"
"925";"654";"7234"
"1255";"141";"7571"
"1256";"393";"7571"
"641";"133";"7840"
"642";"240";"7840"
"634";"691";"7969"
"773";"133";"8115"
"774";"628";"8115"
"893";"14";"8168"
"1001";"133";"8400"
"1002";"671";"8400"
"243";"127";"8453"
"244";"668";"8453"
"158";"17";"8845"
"111";"17";"8849"
"96";"17";"8852"
"112";"17";"8853"
"7";"21";"8993"
"8";"1";"8994"
"1464";"14";"9012"
"603";"127";"9124"
"604";"407";"9124"
"820";"40";"9268"
"842";"133";"9397"
"843";"192";"9397"
"936";"163";"9438"
"937";"535";"9438"
"1292";"121";"10102"
"1293";"292";"10102"
"1060";"133";"10152"
"1061";"260";"10152"
"2141";"1237517";"10355"
"123";"14";"10408"
"14";"24";"10410"
"10";"20";"10412"
"84";"14";"10413"
"259";"684";"10414"
"86";"2";"11117"
"42";"2";"11120"
"188";"13";"11121"
"916";"121";"11169"
"917";"507";"11169"
"935";"16";"11651"
"2122";"1237515";"11803"
"399";"127";"12195"
"400";"403";"12195"
"1161";"121";"12545"
"1162";"224";"12545"
"957";"121";"12546"
"958";"539";"12546"
"523";"133";"13139"
"524";"431";"13139"
"2134";"1237526";"13162"
"1083";"686";"13171"
"1378";"689";"13191"
"12";"24";"13198"
"161";"13";"13279"
"162";"127";"13279"
"163";"630";"13279"
"963";"2";"13298"
"1163";"14";"13324"
"825";"676";"14373"
"659";"141";"14530"
"660";"595";"14530"
"665";"141";"14531"
"666";"443";"14531"
"769";"141";"14532"
"770";"312";"14532"
"948";"60";"14550"
"1118";"121";"14584"
"1119";"361";"14584"
"1120";"121";"14586"
"1121";"365";"14586"
"1045";"141";"14650"
"1046";"597";"14650"
"88";"13";"15275"
"764";"141";"15371"
"765";"445";"15371"
"1684";"141";"15403"
"1685";"397";"15403"
"1686";"121";"15411"
"1687";"220";"15411"
"1562";"121";"15412"
"1563";"220";"15412"
"326";"127";"15612"
"327";"439";"15612"
"1964";"746426";"15705"
"346";"127";"16032"
"347";"236";"16032"
"984";"133";"16170"
"985";"262";"16170"
"332";"127";"17146"
"333";"473";"17146"
"1571";"133";"17219"
"1572";"638";"17219"
"1100";"163";"17222"
"1101";"499";"17222"
"1026";"685";"17226"
"38";"13";"17421"
"247";"133";"17586"
"248";"636";"17586"
"1358";"690";"17719"
"1106";"127";"18107"
"1107";"620";"18107"
"928";"127";"18108"
"929";"648";"18108"
"970";"127";"18109"
"971";"413";"18109"
"624";"127";"18907"
"625";"551";"18907"
"303";"127";"18908"
"304";"521";"18908"
"97";"16";"19029"
"5";"4";"19030"
"122";"685";"19031"
"126";"4";"19032"
"1397";"42";"19335"
"950";"141";"19371"
"951";"401";"19371"
"550";"133";"19479"
"551";"459";"19479"
"4";"1";"19544"
"159";"17";"19546"
"102";"17";"19551"
"703";"121";"19625"
"704";"252";"19625"
"709";"141";"19631"
"710";"200";"19631"
"11";"20";"19812"
"160";"690";"19862"
"6";"4";"19863"
"170";"690";"19864"
"1288";"163";"20036"
"1289";"465";"20036"
"1038";"127";"20038"
"1039";"622";"20038"
"1201";"127";"20040"
"1202";"234";"20040"
"1086";"163";"20041"
"1087";"320";"20041"
"1454";"121";"20157"
"1455";"222";"20157"
"914";"141";"20284"
"915";"423";"20284"
"1156";"54";"21171"
"1075";"121";"21192"
"1076";"545";"21192"
"1197";"121";"21341"
"1198";"646";"21341"
"1032";"133";"21497"
"1033";"186";"21497"
"626";"121";"22310"
"627";"525";"22310"
"189";"13";"22910"
"1058";"2";"23103"
"896";"163";"23660"
"897";"165";"23660"
"611";"163";"23662"
"612";"363";"23662"
"1172";"163";"23664"
"1173";"666";"23664"
"849";"127";"25695"
"850";"606";"25695"
"786";"141";"26315"
"787";"294";"26315"
"828";"133";"26617"
"829";"587";"26617"
"220";"22";"27116"
"13";"676";"27117"
"653";"133";"27218"
"654";"565";"27218"
"167";"17";"27794"
"262";"17";"27795"
"714";"121";"27801"
"715";"656";"27801"
"136";"24";"27838"
"1044";"2";"28090"
"370";"676";"28265"
"319";"684";"28266"
"861";"133";"28777"
"862";"481";"28777"
"101";"16";"30555"
"145";"686";"30556"
"197";"11";"30558"
"175";"16";"30559"
"1470";"24";"30623"
"1049";"141";"31547"
"1050";"455";"31547"
"100";"15";"31695"
"138";"23";"31696"
"577";"26";"31697"
"91";"121";"31702"
"92";"399";"31702"
"1072";"163";"32053"
"1073";"328";"32053"
"1074";"330";"32053"
"1592";"19";"32400"
"1062";"16";"32503"
"943";"14";"32505"
"972";"127";"32870"
"973";"616";"32870"
"661";"141";"32871"
"662";"457";"32871"
"1114";"141";"32873"
"1115";"151";"32873"
"154";"14";"33174"
"130";"678";"33175"
"419";"15";"33176"
"258";"685";"33177"
"120";"14";"33265"
"1451";"4";"33349"
"546";"133";"33355"
"547";"347";"33355"
"1349";"14";"34306"
"196";"17";"34332"
"275";"17";"34334"
"205";"26";"34603"
"1159";"127";"34801"
"1160";"616";"34801"
"1222";"163";"35198"
"1223";"662";"35198"
"922";"121";"35593"
"923";"218";"35593"
"912";"121";"35595"
"913";"359";"35595"
"1660";"17";"35596"
"1247";"127";"35829"
"1248";"153";"35829"
"920";"141";"36667"
"921";"284";"36667"
"837";"676";"36745"
"173";"15";"36995"
"121";"14";"36996"
"389";"16";"36997"
"206";"16";"36998"
"725";"16";"36999"
"204";"26";"37000"
"124";"14";"37002"
"1082";"13";"37086"
"1539";"141";"37876"
"1540";"457";"37876"
"918";"121";"38118"
"919";"357";"38118"
"592";"133";"38127"
"593";"497";"38127"
"1102";"141";"38286"
"1103";"149";"38286"
"834";"17";"38778"
"903";"121";"39967"
"904";"375";"39967"
"555";"677";"39987"
"149";"3";"40126"
"150";"25";"40126"
"151";"3";"40127"
"152";"25";"40127"
"174";"16";"40642"
"853";"133";"40894"
"854";"628";"40894"
"1460";"121";"41442"
"1461";"230";"41442"
"148";"25";"41923"
"587";"677";"41925"
"430";"22";"42852"
"521";"133";"42905"
"522";"575";"42905"
"1694";"133";"42945"
"1695";"196";"42945"
"1112";"133";"42947"
"1113";"196";"42947"
"119";"28";"43453"
"15";"25";"43656"
"131";"25";"43657"
"778";"121";"43692"
"779";"371";"43692"
"559";"688";"43931"
"1089";"17";"44596"
"1483";"34";"45040"
"147";"19";"45487"
"707";"133";"47369"
"708";"559";"47369"
"1188";"133";"47373"
"1189";"188";"47373"
"520";"26";"47412"
"177";"22";"47717"
"511";"25";"47947"
"1410";"31";"48126"
"1099";"679";"48528"
"458";"677";"48786"
"997";"141";"49372"
"998";"467";"49372"
"1141";"676";"49642"
"750";"20";"50459"
"216";"14";"50829"
"594";"133";"51497"
"595";"242";"51497"
"1034";"691";"51995"
"1920";"133";"52056"
"1921";"673";"52056"
"1008";"133";"52742"
"1009";"501";"52742"
"1348";"42";"52878"
"966";"141";"53533"
"967";"286";"53533"
"429";"22";"53748"
"1390";"127";"53797"
"1391";"461";"53797"
"344";"127";"53804"
"345";"461";"53804"
"144";"679";"53934"
"195";"24";"53935"
"835";"133";"53944"
"836";"339";"53944"
"486";"681";"54019"
"1542";"133";"54306"
"1543";"347";"54306"
"1784";"26";"54556"
"1528";"690";"55331"
"137";"21";"55400"
"39";"13";"55974"
"1485";"121";"57025"
"1486";"355";"57025"
"1355";"26";"57390"
"267";"17";"57437"
"1536";"133";"57853"
"1537";"349";"57853"
"1067";"133";"57855"
"1068";"258";"57855"
"1298";"21";"58787"
"218";"19";"59072"
"1021";"133";"60308"
"1022";"553";"60308"
"480";"133";"60753"
"481";"137";"60753"
"9";"683";"60804"
"85";"15";"61113"
"1144";"121";"61884"
"1145";"206";"61884"
"1027";"141";"62080"
"1028";"341";"62080"
"1029";"141";"63145"
"1030";"471";"63145"
"1404";"26";"63296"
"1421";"26";"63297"
"1438";"15";"64016"
"437";"688";"64821"
"176";"15";"64822"
"171";"687";"64823"
"1150";"127";"64846"
"1151";"367";"64846"
"1522";"121";"64905"
"1523";"646";"64905"
"1054";"141";"65577"
"1055";"286";"65577"
"734";"677";"65668"
"1018";"121";"65695"
"1019";"296";"65695"
"379";"24";"66237"
"270";"22";"66264"
"1216";"26";"66323"
"1270";"141";"66347"
"1271";"579";"66347"
"1765";"141";"66348"
"1766";"579";"66348"
"1080";"13";"66824"
"146";"23";"67395"
"1095";"121";"67797"
"1096";"345";"67797"
"1274";"133";"67798"
"1275";"469";"67798"
"1704";"28";"67938"
"1417";"15";"68986"
"1281";"15";"68987"
"1040";"127";"69102"
"1041";"421";"69102"
"1184";"163";"69825"
"1185";"417";"69825"
"840";"141";"69967"
"841";"595";"69967"
"1350";"133";"70206"
"1351";"587";"70206"
"830";"133";"70209"
"831";"290";"70209"
"995";"141";"70425"
"996";"208";"70425"
"1142";"121";"70608"
"1143";"125";"70608"
"737";"680";"71658"
"1531";"121";"72242"
"1532";"230";"72242"
"1170";"163";"72475"
"1171";"624";"72475"
"1180";"163";"72476"
"1181";"517";"72476"
"1250";"13";"72580"
"221";"25";"73006"
"613";"141";"73529"
"614";"650";"73529"
"129";"16";"73590"
"1205";"26";"73651"
"1394";"121";"74041"
"1395";"123";"74041"
"1963";"761724";"74094"
"1110";"141";"74175"
"1111";"286";"74175"
"832";"133";"74779"
"833";"306";"74779"
"2032";"127";"75344"
"2033";"547";"75344"
"1257";"4";"75493"
"1296";"133";"75796"
"1297";"587";"75796"
"1725";"121";"76244"
"1726";"656";"76244"
"1795";"163";"76274"
"1796";"167";"76274"
"423";"3";"76405"
"424";"25";"76405"
"425";"3";"76406"
"426";"25";"76406"
"499";"16";"76604"
"1253";"127";"77066"
"1254";"531";"77066"
"1935";"121";"77418"
"1936";"157";"77418"
"2084";"163";"78525"
"2085";"519";"78525"
"380";"27";"78606"
"217";"25";"78820"
"1204";"691";"79217"
"1409";"19";"79269"
"932";"141";"79443"
"933";"475";"79443"
"1366";"141";"79481"
"1367";"337";"79481"
"2140";"1237520";"79570"
"153";"26";"79588"
"1300";"121";"79992"
"1301";"361";"79992"
"1399";"163";"80330"
"1400";"280";"80330"
"605";"141";"82205"
"606";"143";"82205"
"887";"133";"82206"
"888";"495";"82206"
"507";"133";"82212"
"508";"495";"82212"
"376";"25";"82981"
"844";"677";"83096"
"482";"689";"83358"
"979";"13";"83359"
"172";"676";"83360"
"459";"15";"83891"
"392";"17";"84048"
"952";"17";"84169"
"1356";"133";"84294"
"1357";"272";"84294"
"556";"677";"84311"
"580";"677";"84323"
"1283";"3";"84658"
"1284";"25";"84658"
"506";"29";"84678"
"1266";"141";"84854"
"1267";"437";"84854"
"1152";"32";"84871"
"317";"25";"85151"
"318";"682";"85152"
"701";"677";"85858"
"738";"28";"86203"
"811";"3";"87088"
"530";"16";"87089"
"863";"3";"87091"
"1186";"16";"87152"
"1187";"16";"87153"
"496";"680";"87391"
"529";"26";"87538"
"466";"26";"87539"
"1278";"141";"87610"
"1245";"163";"87963"
"1246";"573";"87963"
"93";"25";"87976"
"700";"678";"88332"
"1048";"21";"88931"
"1065";"133";"89009"
"1066";"491";"89009"
"2019";"746426";"89354"
"1383";"27";"89766"
"1240";"141";"91172"
"1241";"147";"91172"
"986";"133";"91451"
"987";"575";"91451"
"1494";"141";"91996"
"1495";"353";"91996"
"1444";"13";"92166"
"1279";"141";"92515"
"1280";"214";"92515"
"1013";"155620";"93172"
"1146";"121";"93996"
"1147";"282";"93996"
"1412";"57";"94822"
"1190";"15";"94859"
"1148";"14";"94860"
"1132";"2";"94947"
"1465";"133";"95059"
"1466";"505";"95059"
"1418";"16";"95407"
"1059";"2";"96329"
"1370";"141";"96632"
"1371";"557";"96632"
"1302";"13";"96927"
"1208";"127";"97879"
"1209";"622";"97879"
"1239";"21";"98131"
"1079";"682";"98256"
"1458";"127";"98587"
"1459";"427";"98587"
"1736";"684";"98923"
"1286";"133";"98934"
"1287";"262";"98934"
"1368";"127";"99123"
"1369";"648";"99123"
"1213";"141";"99979"
"1214";"284";"99979"
"330";"133";"99980"
"331";"604";"99980"
"1910";"133";"100023"
"1911";"244";"100023"
"1645";"41";"100109"
"1480";"686";"100330"
"1166";"13";"101840"
"585";"3";"103190"
"586";"25";"103190"
"1047";"13";"103359"
"980";"33";"103424"
"1517";"121";"103503"
"1518";"222";"103503"
"1236";"169";"103572"
"1020";"17";"104977"
"1503";"44";"105863"
"1754";"141";"105908"
"1755";"513";"105908"
"1090";"141";"106085"
"1091";"557";"106085"
"1192";"687";"106276"
"1081";"681";"106311"
"1108";"127";"106701"
"1109";"620";"106701"
"1149";"20";"107477"
"761";"677";"108456"
"1023";"133";"108652"
"1024";"244";"108652"
"1164";"58";"108782"
"1441";"15";"108805"
"814";"23";"108868"
"471";"17";"108972"
"1135";"676";"109046"
"502";"683";"109357"
"1211";"133";"109571"
"1212";"331";"109571"
"512";"691";"109668"
"453";"15";"110221"
"1269";"25";"110241"
"1069";"680";"110298"
"552";"19";"113209"
"282";"23";"113335"
"125";"14";"113392"
"1285";"685";"113465"
"798";"22";"113524"
"194";"14";"114277"
"1233";"13";"114681"
"375";"25";"115144"
"650";"25";"116328"
"444";"25";"116973"
"513";"21";"117247"
"1199";"163";"117309"
"1200";"632";"117309"
"649";"5";"117751"
"1007";"16";"117793"
"422";"23";"118239"
"599";"19";"118374"
"600";"19";"118375"
"1643";"14";"118513"
"1306";"16";"119017"
"143";"677";"119024"
"691";"21";"119037"
"1475";"121";"120161"
"1476";"591";"120161"
"576";"22";"120492"
"1025";"684";"120822"
"99";"17";"121133"
"488";"15";"121243"
"1230";"683";"121373"
"724";"683";"122340"
"483";"17";"122385"
"882";"28";"122528"
"383";"2";"122706"
"1633";"121";"124319"
"1634";"139";"124319"
"543";"16";"125745"
"1077";"141";"126311"
"1078";"387";"126311"
"721";"24";"126470"
"1488";"169";"126540"
"1489";"569";"126540"
"1126";"43";"126596"
"491";"5";"127242"
"1579";"19";"128028"
"1244";"23";"128103"
"487";"17";"129242"
"219";"15";"129253"
"730";"17";"129399"
"1363";"127";"130169"
"1364";"256";"130169"
"1224";"163";"131196"
"1225";"662";"131196"
"1226";"163";"131198"
"1227";"465";"131198"
"573";"2";"131644"
"2086";"14";"132574"
"1273";"121";"132851"
"1926";"746426";"133819"
"1237";"127";"133990"
"1238";"256";"133990"
"564";"25";"134489"
"565";"25";"134490"
"1730";"121";"135653"
"1731";"644";"135653"
"1215";"13";"136708"
"1261";"133";"136710"
"1262";"601";"136710"
"742";"133";"137664"
"743";"194";"137664"
"1698";"141";"137748"
"1699";"288";"137748"
"1521";"29";"138200"
"1692";"163";"139963"
"1693";"320";"139963"
"1411";"679";"140389"
"2022";"746426";"142827"
"1801";"133";"145859"
"1802";"601";"145859"
"1139";"37";"146887"
"740";"133";"147070"
"741";"194";"147070"
"1467";"141";"147140"
"1468";"557";"147140"
"1573";"127";"148173"
"1574";"606";"148173"
"1595";"141";"148223"
"1596";"650";"148223"
"2077";"17";"148353"
"1866";"16";"148380"
"2065";"121";"148929"
"2066";"159";"148929"
"1436";"127";"150292"
"1437";"254";"150292"
"1425";"16";"152244"
"1890";"127";"152453"
"1891";"155";"152453"
"1662";"133";"153058"
"953";"133";"153418"
"954";"351";"153418"
"50";"127";"154310"
"51";"256";"154310"
"80";"121";"154315"
"81";"646";"154315"
"115";"127";"154320"
"116";"367";"154320"
"265";"133";"154329"
"266";"505";"154329"
"46";"127";"154332"
"47";"405";"154332"
"62";"141";"154340"
"63";"288";"154340"
"26";"133";"154341"
"291";"127";"154346"
"292";"493";"154346"
"52";"127";"154372"
"168";"163";"154375"
"169";"178";"154375"
"70";"121";"154376"
"71";"463";"154376"
"263";"141";"154392"
"264";"202";"154392"
"278";"141";"154393"
"279";"190";"154393"
"165";"141";"154394"
"166";"537";"154394"
"533";"127";"154395"
"534";"427";"154395"
"103";"127";"154396"
"104";"415";"154396"
"309";"121";"154400"
"310";"228";"154400"
"186";"127";"154416"
"187";"634";"154416"
"40";"127";"154461"
"41";"421";"154461"
"276";"127";"154462"
"277";"567";"154462"
"164";"690";"154483"
"431";"127";"154491"
"432";"161";"154491"
"285";"133";"154494"
"286";"304";"154494"
"141";"127";"154515"
"142";"256";"154515"
"476";"133";"154516"
"477";"290";"154516"
"464";"133";"154517"
"465";"563";"154517"
"474";"133";"154518"
"475";"290";"154518"
"182";"127";"154519"
"183";"561";"154519"
"390";"127";"154525"
"391";"541";"154525"
"283";"127";"154540"
"284";"379";"154540"
"178";"127";"154549"
"179";"395";"154549"
"190";"141";"154557"
"191";"640";"154557"
"226";"127";"154586"
"227";"335";"154586"
"35";"127";"154605"
"37";"383";"154605"
"287";"133";"154612"
"288";"638";"154612"
"54";"141";"154618"
"55";"397";"154618"
"381";"121";"154657"
"382";"276";"154657"
"377";"127";"154671"
"378";"389";"154671"
"442";"121";"154688"
"443";"525";"154688"
"222";"141";"154690"
"223";"447";"154690"
"232";"133";"154695"
"233";"242";"154695"
"94";"133";"154698"
"95";"453";"154698"
"433";"133";"154705"
"434";"497";"154705"
"1";"121";"154735"
"2";"252";"154735"
"403";"121";"154736"
"404";"529";"154736"
"435";"141";"154786"
"436";"387";"154786"
"767";"163";"154836"
"768";"320";"154836"
"449";"133";"154838"
"450";"300";"154838"
"993";"133";"154876"
"994";"331";"154876"
"58";"141";"154890"
"59";"310";"154890"
"202";"133";"154901"
"203";"670";"154901"
"562";"133";"154919"
"563";"636";"154919"
"253";"133";"154925"
"254";"411";"154925"
"645";"133";"154935"
"646";"339";"154935"
"234";"133";"154945"
"235";"483";"154945"
"113";"141";"154961"
"114";"333";"154961"
"66";"141";"154984"
"67";"324";"154984"
"139";"127";"155006"
"140";"523";"155006"
"373";"141";"155017"
"374";"599";"155017"
"260";"141";"155036"
"261";"377";"155036"
"156";"127";"155064"
"157";"660";"155064"
"207";"141";"155065"
"208";"511";"155065"
"180";"141";"155077"
"181";"557";"155077"
"805";"121";"155084"
"806";"654";"155084"
"301";"127";"155125"
"302";"614";"155125"
"440";"133";"155172"
"441";"673";"155172"
"371";"127";"155189"
"372";"429";"155189"
"334";"127";"155266"
"335";"515";"155266"
"456";"121";"155276"
"457";"159";"155276"
"447";"141";"155326"
"448";"445";"155326"
"184";"133";"155348"
"185";"262";"155348"
"74";"121";"155356"
"75";"246";"155356"
"134";"127";"155367"
"135";"531";"155367"
"748";"133";"155386"
"749";"491";"155386"
"241";"127";"155399"
"242";"668";"155399"
"497";"121";"155407"
"498";"577";"155407"
"273";"141";"155425"
"274";"353";"155425"
"132";"127";"155482"
"133";"449";"155482"
"198";"163";"155499"
"199";"519";"155499"
"20";"13";"155510"
"21";"127";"155510"
"22";"630";"155510"
"687";"141";"155522"
"688";"316";"155522"
"484";"141";"155539"
"485";"182";"155539"
"812";"133";"155542"
"813";"587";"155542"
"268";"141";"155546"
"269";"294";"155546"
"417";"141";"155556"
"418";"286";"155556"
"338";"127";"155557"
"339";"198";"155557"
"655";"127";"155572"
"656";"547";"155572"
"583";"141";"155587"
"584";"457";"155587"
"541";"133";"155610"
"542";"671";"155610"
"393";"141";"155645"
"394";"557";"155645"
"462";"163";"155674"
"463";"666";"155674"
"574";"141";"155685"
"575";"555";"155685"
"736";"677";"155898"
"89";"121";"155925"
"90";"399";"155925"
"469";"141";"155984"
"470";"284";"155984"
"82";"121";"156015"
"83";"646";"156015"
"107";"141";"156098"
"108";"250";"156098"
"807";"141";"156132"
"808";"471";"156132"
"847";"133";"156145"
"848";"433";"156145"
"726";"133";"156248"
"727";"343";"156248"
"728";"133";"156249"
"729";"343";"156249"
"322";"127";"156313"
"323";"131";"156313"
"581";"141";"156371"
"582";"387";"156371"
"387";"133";"156463"
"388";"469";"156463"
"771";"121";"156488"
"772";"206";"156488"
"518";"133";"156505"
"519";"559";"156505"
"792";"127";"156542"
"793";"473";"156542"
"809";"133";"156590"
"810";"258";"156590"
"615";"127";"156596"
"616";"403";"156596"
"492";"121";"156629"
"493";"626";"156629"
"735";"16";"156707"
"228";"133";"156728"
"229";"489";"156728"
"681";"127";"156736"
"682";"606";"156736"
"607";"127";"156737"
"608";"391";"156737"
"1052";"127";"156757"
"1053";"204";"156757"
"489";"141";"156785"
"490";"595";"156785"
"601";"141";"156815"
"602";"585";"156815"
"1309";"141";"156839"
"1310";"467";"156839"
"1070";"121";"156847"
"1071";"656";"156847"
"959";"133";"156858"
"960";"670";"156858"
"570";"28";"156869"
"685";"141";"156915"
"686";"312";"156915"
"155";"14";"156939"
"1133";"141";"157007"
"1134";"445";"157007"
"500";"127";"157142"
"501";"521";"157142"
"944";"15";"157146"
"902";"25";"157163"
"762";"133";"157230"
"763";"481";"157230"
"553";"141";"157290"
"554";"513";"157290"
"1010";"133";"157365"
"1011";"349";"157365"
"732";"127";"157380"
"733";"561";"157380"
"358";"127";"157381"
"359";"236";"157381"
"1548";"141";"157471"
"1549";"579";"157471"
"753";"141";"157502"
"754";"393";"157502"
"1063";"121";"157581"
"1064";"224";"157581"
"249";"133";"157593"
"250";"581";"157593"
"454";"133";"157594"
"455";"501";"157594"
"560";"133";"157606"
"561";"314";"157606"
"1231";"127";"157659"
"1232";"427";"157659"
"883";"133";"157774"
"884";"188";"157774"
"192";"127";"157777"
"193";"409";"157777"
"755";"127";"157778"
"756";"409";"157778"
"722";"121";"157799"
"723";"371";"157799"
"775";"127";"157832"
"776";"425";"157832"
"799";"127";"158022"
"800";"389";"158022"
"1311";"4";"158140"
"427";"121";"158199"
"428";"268";"158199"
"872";"1";"158341"
"328";"133";"158369"
"329";"604";"158369"
"531";"141";"158374"
"532";"373";"158374"
"368";"121";"158624"
"369";"539";"158624"
"885";"133";"158685"
"886";"137";"158685"
"539";"133";"158803"
"540";"575";"158803"
"696";"141";"158836"
"697";"423";"158836"
"873";"141";"158846"
"874";"475";"158846"
"698";"141";"158847"
"699";"149";"158847"
"557";"127";"159135"
"558";"477";"159135"
"503";"133";"159326"
"504";"262";"159326"
"632";"141";"159408"
"633";"214";"159408"
"757";"121";"159500"
"758";"274";"159500"
"667";"121";"159615"
"668";"644";"159615"
"127";"133";"159637"
"128";"260";"159637"
"838";"121";"159799"
"839";"296";"159799"
"407";"127";"159902"
"408";"204";"159902"
"460";"121";"159948"
"461";"365";"159948"
"445";"141";"160384"
"446";"443";"160384"
"1122";"141";"160636"
"1123";"401";"160636"
"759";"133";"160639"
"760";"495";"160639"
"1975";"133";"160795"
"1976";"671";"160795"
"578";"141";"160800"
"579";"288";"160800"
"705";"133";"160828"
"706";"612";"160828"
"990";"141";"160916"
"991";"284";"160916"
"907";"127";"160971"
"908";"184";"160971"
"746";"133";"161268"
"747";"553";"161268"
"1445";"141";"161342"
"1446";"324";"161342"
"751";"127";"161626"
"752";"421";"161626"
"609";"163";"161816"
"610";"363";"161816"
"669";"121";"161817"
"670";"545";"161817"
"230";"141";"161838"
"231";"543";"161838"
"1584";"141";"161982"
"1585";"341";"161982"
"870";"133";"162253"
"871";"304";"162253"
"568";"133";"162311"
"569";"628";"162311"
"548";"133";"162553"
"549";"459";"162553"
"780";"121";"162598"
"781";"302";"162598"
"651";"133";"162638"
"652";"565";"162638"
"692";"133";"162739"
"693";"431";"162739"
"1330";"19";"162912"
"643";"133";"163148"
"644";"194";"163148"
"880";"141";"163257"
"881";"286";"163257"
"744";"133";"163282"
"745";"563";"163282"
"1104";"163";"163327"
"1105";"330";"163327"
"1003";"133";"163393"
"1004";"501";"163393"
"718";"5";"163566"
"864";"121";"163620"
"865";"359";"163620"
"509";"163";"163846"
"510";"535";"163846"
"739";"17";"163890"
"354";"127";"164090"
"355";"439";"164090"
"788";"133";"164206"
"789";"453";"164206"
"938";"141";"164254"
"939";"455";"164254"
"784";"127";"164324"
"785";"622";"164324"
"968";"127";"164343"
"969";"413";"164343"
"1005";"133";"164623"
"1006";"270";"164623"
"1320";"141";"164650"
"1321";"190";"164650"
"1217";"121";"164699"
"1218";"507";"164699"
"803";"127";"165114"
"804";"234";"165114"
"1294";"141";"165197"
"1295";"286";"165197"
"1124";"141";"165199"
"1125";"457";"165199"
"1259";"133";"165255"
"1260";"601";"165255"
"1324";"29";"165274"
"1299";"22";"165492"
"794";"141";"165538"
"795";"467";"165538"
"397";"127";"167058"
"398";"155";"167058"
"438";"141";"167063"
"439";"597";"167063"
"622";"121";"167499"
"623";"218";"167499"
"1265";"169";"167581"
"1210";"17";"167596"
"1442";"133";"168134"
"1443";"351";"168134"
"1191";"31";"168186"
"964";"121";"168283"
"965";"355";"168283"
"1388";"121";"168414"
"1389";"375";"168414"
"719";"127";"168462"
"720";"606";"168462"
"977";"127";"168636"
"978";"616";"168636"
"961";"133";"168871"
"962";"636";"168871"
"472";"141";"168912"
"473";"208";"168912"
"571";"127";"169194"
"572";"551";"169194"
"934";"26";"169195"
"1220";"121";"169298"
"1221";"345";"169298"
"2036";"121";"169299"
"2037";"487";"169299"
"1342";"133";"169960"
"1343";"306";"169960"
"413";"141";"170897"
"414";"202";"170897"
"2126";"1237524";"171342"
"1610";"141";"171416"
"1611";"337";"171416"
"635";"133";"171467"
"636";"610";"171467"
"2128";"648395";"171505"
"2120";"1237520";"171506"
"1036";"163";"171744"
"878";"141";"171874"
"879";"537";"171874"
"1136";"141";"172566"
"1137";"373";"172566"
"777";"26";"172716"
"1365";"17";"173269"
"589";"16";"173669"
"385";"133";"174897"
"386";"196";"174897"
"211";"127";"175106"
"212";"129";"175106"
"342";"127";"175175"
"343";"461";"175175"
"494";"3";"175641"
"495";"25";"175641"
"544";"133";"175886"
"545";"347";"175886"
"617";"15";"176333"
"639";"133";"176606"
"640";"240";"176606"
"713";"16";"177163"
"731";"17";"177333"
"790";"163";"178223"
"791";"499";"178223"
"796";"163";"178261"
"797";"465";"178261"
"801";"141";"178555"
"802";"214";"178555"
"818";"121";"178829"
"819";"278";"178829"
"859";"133";"179929"
"860";"441";"179929"
"868";"127";"180270"
"869";"648";"180270"
"875";"691";"180723"
"876";"163";"180736"
"877";"573";"180736"
"889";"16";"181113"
"890";"169";"181150"
"891";"171";"181150"
"894";"163";"181263"
"895";"165";"181263"
"898";"133";"181366"
"899";"262";"181366"
"900";"121";"181373"
"901";"435";"181373"
"909";"22";"181857"
"926";"127";"182369"
"927";"648";"182369"
"940";"28";"182949"
"941";"141";"183130"
"942";"437";"183130"
"945";"121";"183706"
"946";"357";"183706"
"947";"60";"183786"
"949";"17";"183875"
"955";"127";"184053"
"956";"620";"184053"
"974";"13";"185046"
"975";"127";"185046"
"976";"630";"185046"
"981";"15";"185642"
"982";"141";"185693"
"983";"443";"185693"
"988";"141";"185836"
"989";"312";"185836"
"992";"677";"186099"
"999";"133";"186386"
"1000";"497";"186386"
"1012";"684";"187025"
"1014";"127";"187075"
"1015";"405";"187075"
"1056";"127";"188177"
"1057";"379";"188177"
"1084";"133";"188941"
"1085";"565";"188941"
"1088";"14";"189354"
"1092";"17";"189669"
"1093";"121";"189676"
"1094";"157";"189676"
"1097";"121";"189711"
"1098";"487";"189711"
"1116";"121";"190182"
"1117";"361";"190182"
"1127";"121";"190755"
"1128";"357";"190755"
"1129";"163";"190847"
"1130";"328";"190847"
"1131";"330";"190847"
"1138";"23";"191038"
"1140";"15";"191108"
"1153";"1";"191756"
"1154";"3";"192089"
"1155";"25";"192089"
"1157";"141";"192135"
"1158";"585";"192135"
"1165";"13";"192582"
"1168";"163";"192733"
"1169";"624";"192733"
"1174";"163";"192734"
"1175";"533";"192734"
"1178";"163";"192735"
"1179";"517";"192735"
"1182";"163";"192736"
"1183";"417";"192736"
"1203";"686";"194214"
"1206";"163";"194399"
"1207";"465";"194399"
"1219";"4";"195451"
"1228";"127";"195811"
"1229";"567";"195811"
"1234";"141";"196255"
"1235";"202";"196255"
"1242";"141";"196811"
"1243";"288";"196811"
"2139";"1237515";"197887"
"1249";"13";"197895"
"1258";"688";"198629"
"1263";"169";"199271"
"1264";"569";"199271"
"1268";"13";"200158"
"1272";"16";"200759"
"1276";"133";"201888"
"1277";"441";"201888"
"1282";"17";"202649"
"1290";"121";"204719"
"1291";"292";"204719"
"1303";"2";"205803"
"1304";"141";"205806"
"1305";"445";"205806"
"1307";"127";"211650"
"1308";"541";"211650"
"1312";"133";"226973"
"1313";"441";"226973"
"1314";"133";"227702"
"1315";"638";"227702"
"1316";"127";"230688"
"1317";"395";"230688"
"1318";"134";"232935"
"1319";"265";"232935"
"1322";"127";"238699"
"1323";"630";"238699"
"1325";"133";"243545"
"1326";"411";"243545"
"1327";"23";"244525"
"1328";"142";"245658"
"1329";"325";"245658"
"1331";"141";"246318"
"1332";"513";"246318"
"1333";"141";"247340"
"1334";"597";"247340"
"1335";"128";"252432"
"1336";"548";"252432"
"1337";"676";"257625"
"1338";"142";"261882"
"1339";"191";"261882"
"1340";"142";"262520"
"1341";"251";"262520"
"1344";"688";"263265"
"1345";"127";"263338"
"1346";"523";"263338"
"1347";"14";"265111"
"1352";"133";"266522"
"1353";"314";"266522"
"1354";"16";"267439"
"1359";"14";"268158"
"1360";"42";"268653"
"1361";"50";"268759"
"1362";"54";"269149"
"1372";"121";"270150"
"1373";"252";"270150"
"1374";"2";"270388"
"1375";"17";"270805"
"1376";"133";"270977"
"1377";"612";"270977"
"1379";"163";"274064"
"1380";"266";"274064"
"1381";"163";"274082"
"1382";"266";"274082"
"1384";"16";"274913"
"1385";"127";"275406"
"1386";"256";"275406"
"1396";"687";"280563"
"1398";"14";"281958"
"1401";"121";"282648"
"1402";"224";"282648"
"1403";"19";"282766"
"1405";"133";"284679"
"1406";"270";"284679"
"1407";"133";"284869"
"1408";"298";"284869"
"1413";"17";"287869"
"1414";"17";"287875"
"1415";"17";"287876"
"1416";"17";"287877"
"1419";"121";"288202"
"1420";"529";"288202"
"1422";"24";"288802"
"1424";"16";"289662"
"1426";"14";"289665"
"1427";"121";"289680"
"1428";"463";"289680"
"1429";"121";"289986"
"1430";"656";"289986"
"1431";"678";"290673"
"1432";"163";"290759"
"1433";"664";"290759"
"1434";"163";"290761"
"1435";"662";"290761"
"1439";"133";"291806"
"1440";"491";"291806"
"1447";"15";"296514"
"1448";"15";"296652"
"1449";"19";"297007"
"1450";"14";"297210"
"1452";"24";"298787"
"1453";"35";"300205"
"2135";"1237517";"301687"
"1456";"133";"303468"
"1457";"497";"303468"
"1462";"16";"303883"
"1463";"15";"304227"
"1469";"14";"310578"
"1471";"133";"312448"
"1472";"501";"312448"
"1473";"121";"313338"
"1474";"591";"313338"
"1477";"133";"314406"
"1478";"339";"314406"
"1479";"15";"314779"
"1481";"127";"315209"
"1482";"405";"315209"
"1484";"16";"316319"
"1487";"16";"319271"
"1490";"121";"322534"
"1491";"322";"322534"
"1492";"3";"323279"
"1493";"25";"323279"
"1496";"133";"324154"
"1497";"431";"324154"
"1498";"121";"325073"
"1499";"296";"325073"
"1500";"16";"326417"
"1501";"14";"330538"
"1502";"16";"331585"
"1504";"58";"332572"
"1505";"141";"332649"
"1506";"151";"332649"
"1507";"141";"332650"
"1508";"455";"332650"
"1509";"133";"332652"
"1510";"298";"332652"
"1511";"163";"333237"
"1512";"320";"333237"
"1513";"133";"333561"
"1514";"553";"333561"
"1515";"127";"336479"
"1516";"335";"336479"
"1519";"121";"339187"
"1520";"218";"339187"
"1524";"121";"340130"
"1525";"292";"340130"
"1526";"17";"340997"
"1527";"17";"340998"
"1529";"121";"342237"
"1530";"230";"342237"
"1533";"684";"342263"
"1534";"13";"342873"
"1535";"13";"342881"
"1538";"17";"347934"
"1541";"21";"353244"
"1544";"133";"353392"
"1545";"347";"353392"
"1546";"688";"353747"
"1547";"17";"354659"
"1550";"19";"357194"
"1551";"13";"358691"
"1552";"133";"359544"
"1553";"240";"359544"
"1554";"14";"362790"
"1555";"121";"363141"
"1556";"365";"363141"
"1557";"17";"364364"
"1558";"121";"366940"
"1559";"268";"366940"
"1560";"121";"366941"
"1561";"268";"366941"
"1564";"37";"368613"
"1565";"121";"370034"
"1566";"222";"370034"
"1567";"163";"370766"
"1568";"178";"370766"
"1569";"121";"371024"
"1570";"322";"371024"
"1575";"127";"374461"
"1576";"606";"374461"
"1577";"127";"374468"
"1578";"391";"374468"
"1580";"21";"377188"
"1581";"141";"378304"
"1582";"640";"378304"
"2035";"746426";"379564"
"1583";"57";"380201"
"1586";"3";"381816"
"1587";"25";"381816"
"1588";"15";"381985"
"1589";"163";"382571"
"1590";"519";"382571"
"1591";"19";"382726"
"1593";"127";"386099"
"1594";"256";"386099"
"1597";"25";"388659"
"1598";"121";"389530"
"1599";"485";"389530"
"1600";"133";"391192"
"1601";"459";"391192"
"1602";"678";"393287"
"1603";"141";"393801"
"1604";"286";"393801"
"1605";"1";"396749"
"1606";"121";"397996"
"1607";"228";"397996"
"1608";"15";"398510"
"1609";"15";"398513"
"1612";"121";"401752"
"1613";"485";"401752"
"1614";"121";"401753"
"1615";"485";"401753"
"1616";"121";"403101"
"1617";"157";"403101"
"1618";"24";"405485"
"1619";"133";"406341"
"1620";"411";"406341"
"1621";"15";"406870"
"1622";"16";"413091"
"1623";"121";"413659"
"1624";"463";"413659"
"1625";"163";"418383"
"1626";"662";"418383"
"1627";"163";"418384"
"1628";"662";"418384"
"1629";"127";"418925"
"1630";"389";"418925"
"1631";"121";"420059"
"1632";"139";"420059"
"1635";"127";"421241"
"1636";"427";"421241"
"1637";"141";"422097"
"1638";"595";"422097"
"1639";"1";"426715"
"1640";"41";"428662"
"1641";"163";"429284"
"1642";"178";"429284"
"1644";"16";"431243"
"1646";"141";"438086"
"1647";"423";"438086"
"1648";"141";"438942"
"1649";"288";"438942"
"1650";"127";"443205"
"1651";"379";"443205"
"1652";"133";"443207"
"1653";"304";"443207"
"1654";"133";"443211"
"1655";"505";"443211"
"1656";"127";"443214"
"1657";"523";"443214"
"1658";"127";"445870"
"1659";"493";"445870"
"2028";"761728";"448127"
"1661";"127";"448790"
"1663";"121";"452143"
"1664";"228";"452143"
"1665";"127";"452927"
"1666";"614";"452927"
"1667";"121";"456079"
"1668";"125";"456079"
"1669";"141";"457435"
"1670";"284";"457435"
"1671";"121";"458451"
"1672";"525";"458451"
"1673";"141";"458520"
"1674";"326";"458520"
"1675";"17";"460090"
"1676";"127";"461706"
"1677";"561";"461706"
"1678";"17";"463815"
"1679";"141";"465185"
"1680";"200";"465185"
"1681";"141";"465188"
"1682";"593";"465188"
"1683";"13";"465441"
"1688";"141";"467765"
"1689";"312";"467765"
"1690";"133";"467796"
"1691";"270";"467796"
"1696";"141";"472910"
"1697";"333";"472910"
"1700";"141";"473951"
"1701";"471";"473951"
"1702";"141";"474026"
"1703";"447";"474026"
"1705";"28";"474125"
"1706";"163";"474938"
"1707";"318";"474938"
"1708";"26";"480404"
"1709";"27";"481102"
"1710";"121";"482519"
"1711";"545";"482519"
"1712";"121";"482520"
"1713";"545";"482520"
"1714";"133";"483433"
"1715";"559";"483433"
"1716";"133";"483440"
"1717";"411";"483440"
"1718";"4";"483985"
"1719";"121";"484911"
"1720";"591";"484911"
"1721";"24";"485424"
"1722";"22";"485604"
"1723";"127";"490429"
"1724";"198";"490429"
"1727";"21";"492856"
"1728";"141";"494520"
"1729";"397";"494520"
"1732";"133";"498628"
"1733";"553";"498628"
"1734";"121";"500516"
"1735";"278";"500516"
"1737";"121";"501933"
"1738";"296";"501933"
"1739";"127";"503127"
"1740";"395";"503127"
"1741";"25";"505854"
"1742";"685";"506781"
"1743";"141";"511139"
"1744";"341";"511139"
"1745";"121";"511910"
"1746";"276";"511910"
"1747";"133";"514947"
"1748";"505";"514947"
"1749";"121";"515612"
"1750";"419";"515612"
"1751";"17";"516405"
"1927";"761731";"516525"
"1752";"141";"518582"
"1753";"455";"518582"
"1756";"121";"521764"
"1757";"276";"521764"
"1758";"163";"526037"
"1759";"503";"526037"
"1760";"141";"527148"
"1761";"353";"527148"
"1762";"121";"528289"
"1763";"399";"528289"
"1764";"48";"534567"
"1767";"133";"542105"
"1768";"601";"542105"
"1769";"133";"546038"
"1770";"300";"546038"
"1771";"141";"546534"
"1772";"393";"546534"
"1773";"121";"546625"
"1774";"451";"546625"
"1775";"50";"547702"
"1776";"16";"551871"
"1777";"121";"553655"
"1778";"345";"553655"
"1779";"14";"555379"
"1780";"21";"555838"
"1781";"45";"557118"
"1782";"20";"558790"
"1783";"43";"559268"
"1785";"57";"562125"
"1786";"57";"562126"
"1787";"133";"564268"
"1788";"575";"564268"
"1789";"133";"564270"
"1790";"264";"564270"
"1791";"163";"564936"
"1792";"632";"564936"
"1793";"127";"573246"
"1794";"515";"573246"
"1797";"61";"575338"
"1798";"1";"579072"
"1799";"121";"580894"
"1800";"210";"580894"
"1803";"133";"586349"
"1804";"242";"586349"
"1805";"133";"587007"
"1806";"242";"587007"
"1807";"13";"587011"
"1808";"127";"594389"
"1809";"389";"594389"
"1810";"121";"594675"
"1811";"375";"594675"
"1812";"16";"594952"
"1813";"127";"598448"
"1814";"521";"598448"
"1815";"121";"598955"
"1816";"355";"598955"
"1817";"141";"600308"
"1818";"579";"600308"
"1819";"163";"602744"
"1820";"318";"602744"
"1821";"127";"607298"
"1822";"521";"607298"
"1823";"55";"609964"
"1824";"127";"614534"
"1825";"616";"614534"
"1826";"23";"616196"
"1827";"127";"619086"
"1828";"413";"619086"
"1829";"141";"619346"
"1830";"447";"619346"
"1831";"127";"620475"
"1832";"620";"620475"
"1833";"133";"620686"
"1834";"636";"620686"
"1835";"121";"621279"
"1836";"246";"621279"
"1837";"127";"621682"
"1838";"335";"621682"
"1839";"17";"623492"
"1840";"133";"628051"
"1841";"453";"628051"
"1842";"17";"638672"
"1843";"133";"641537"
"1844";"270";"641537"
"1845";"51";"649577"
"1846";"44";"650104"
"1847";"50";"650926"
"1848";"141";"652876"
"1849";"214";"652876"
"1850";"133";"653168"
"1851";"135";"653168"
"1852";"17";"653492"
"1853";"133";"655803"
"1854";"610";"655803"
"1855";"127";"657611"
"1856";"648";"657611"
"1857";"163";"665127"
"1858";"479";"665127"
"1859";"21";"665522"
"1860";"21";"665523"
"1861";"3";"672267"
"1862";"25";"672267"
"1863";"27";"675117"
"1864";"16";"676227"
"1865";"14";"679741"
"1867";"141";"679835"
"1868";"377";"679835"
"1869";"14";"681163"
"1870";"133";"689698"
"1871";"589";"689698"
"1872";"133";"691098"
"1873";"304";"691098"
"1874";"121";"691112"
"1875";"487";"691112"
"1876";"133";"694243"
"1877";"260";"694243"
"1878";"163";"694869"
"1879";"533";"694869"
"1880";"26";"697129"
"1881";"141";"699019"
"1882";"324";"699019"
"1883";"133";"699686"
"1884";"565";"699686"
"1885";"127";"702496"
"1886";"335";"702496"
"1887";"121";"708904"
"1888";"646";"708904"
"1889";"16";"710057"
"1892";"4";"714279"
"1893";"127";"720661"
"1894";"409";"720661"
"1895";"141";"722510"
"1896";"387";"722510"
"1897";"684";"727057"
"1898";"127";"729231"
"1899";"425";"729231"
"1900";"121";"729945"
"1901";"210";"729945"
"1902";"121";"734849"
"1903";"210";"734849"
"1904";"121";"735056"
"1905";"539";"735056"
"1906";"141";"742315"
"1907";"214";"742315"
"1908";"163";"745894"
"1909";"167";"745894"
"1912";"127";"751450"
"1913";"606";"751450"
"1914";"21";"755962"
"1915";"49";"757250"
"1916";"133";"760834"
"1917";"260";"760834"
"1918";"16";"761792"
"1919";"17";"765859"
"1922";"24";"771497"
"1924";"141";"773749"
"1925";"640";"773749"
"1928";"1";"785215"
"1929";"121";"788332"
"1930";"451";"788332"
"1931";"17";"799199"
"1932";"17";"799200"
"1933";"127";"801154"
"1934";"567";"801154"
"1937";"127";"804544"
"1938";"204";"804544"
"1939";"27";"804737"
"1940";"16";"806669"
"1941";"127";"806812"
"1942";"161";"806812"
"1943";"16";"807968"
"1944";"133";"808370"
"1945";"308";"808370"
"1946";"133";"810264"
"1947";"308";"810264"
"1948";"22";"810307"
"1949";"163";"810358"
"1950";"533";"810358"
"1951";"127";"812332"
"1952";"477";"812332"
"1953";"13";"812766"
"1954";"127";"812854"
"1955";"383";"812854"
"1956";"133";"814747"
"1957";"565";"814747"
"1958";"21";"815986"
"1959";"21";"815987"
"1960";"133";"819596"
"1961";"581";"819596"
"1962";"2";"826598"
"1965";"746426";"852204"
"1966";"163";"853298"
"1967";"509";"853298"
"1968";"163";"853299"
"1969";"509";"853299"
"1970";"746426";"853782"
"1971";"746426";"853791"
"1972";"746426";"853795"
"1973";"133";"870867"
"1974";"481";"870867"
"1977";"133";"870882"
"1978";"489";"870882"
"1979";"133";"870883"
"1980";"491";"870883"
"1981";"19";"875091"
"1982";"121";"878190"
"1983";"278";"878190"
"1984";"133";"889158"
"1985";"351";"889158"
"1986";"51";"897487"
"1987";"133";"900337"
"1988";"192";"900337"
"1989";"24";"902803"
"1990";"17";"902942"
"1991";"676";"904620"
"1992";"761746";"911330"
"1993";"141";"915155"
"1994";"457";"915155"
"1995";"28";"920382"
"1996";"43";"920620"
"1997";"22";"928455"
"1998";"678";"938165"
"1999";"25";"940930"
"2000";"761747";"941630"
"2001";"761747";"941631"
"2002";"16";"943991"
"2003";"133";"945002"
"2004";"264";"945002"
"2005";"127";"948075"
"2006";"391";"948075"
"2007";"133";"952163"
"2008";"188";"952163"
"2009";"141";"954465"
"2010";"557";"954465"
"2011";"141";"955154"
"2012";"182";"955154"
"2013";"141";"956582"
"2014";"381";"956582"
"2015";"141";"957146"
"2016";"467";"957146"
"2017";"133";"958824"
"2018";"563";"958824"
"2020";"121";"966424"
"2021";"399";"966424"
"2023";"133";"981299"
"2024";"604";"981299"
"2025";"133";"984482"
"2026";"587";"984482"
"2027";"52";"1000076"
"2029";"133";"1001305"
"2030";"489";"1001305"
"2031";"20";"1003634"
"2034";"13";"1008622"
"2038";"163";"1022376"
"2039";"363";"1022376"
"2040";"127";"1023281"
"2041";"413";"1023281"
"2042";"141";"1025749"
"2043";"585";"1025749"
"2044";"133";"1029761"
"2045";"433";"1029761"
"2046";"121";"1039923"
"2047";"361";"1039923"
"2048";"21";"1040780"
"2049";"15";"1054037"
"2050";"141";"1055100"
"2051";"423";"1055100"
"2052";"121";"1055998"
"2053";"485";"1055998"
"2054";"133";"1056809"
"2055";"610";"1056809"
"2056";"19";"1061695"
"2057";"14";"1063012"
"2058";"17";"1065122"
"2059";"49";"1070131"
"2060";"13";"1073326"
"2061";"133";"1074153"
"2062";"135";"1074153"
"2063";"127";"1074155"
"2064";"232";"1074155"
"2067";"55";"1081148"
"2068";"141";"1081911"
"2069";"381";"1081911"
"2070";"684";"1087521"
"2071";"121";"1100491"
"2072";"545";"1100491"
"2073";"163";"1102972"
"2074";"527";"1102972"
"2075";"163";"1102977"
"2076";"517";"1102977"
"2078";"127";"1107167"
"2079";"204";"1107167"
"2080";"17";"1107753"
"2081";"121";"1109938"
"2082";"276";"1109938"
"2083";"15";"1112363"
"2087";"17";"1134307"
"2088";"133";"1144224"
"2089";"469";"1144224"
"2090";"133";"1144226"
"2091";"431";"1144226"
"2092";"133";"1144379"
"2093";"559";"1144379"
"2094";"17";"1145233"
"2095";"133";"1153661"
"2096";"304";"1153661"
"2097";"141";"1157443"
"2098";"555";"1157443"
"2099";"133";"1180071"
"2100";"308";"1180071"
"2101";"141";"1182886"
"2102";"475";"1182886"
"2103";"133";"1184076"
"2104";"137";"1184076"
"2105";"141";"1193894"
"2106";"310";"1193894"
"2107";"133";"1202457"
"2108";"491";"1202457"
"2109";"121";"1208900"
"2110";"603";"1208900"
"2111";"41";"1212607"
"2112";"52";"1214463"
"2113";"17";"1215553"
"2114";"163";"1218006"
"2115";"618";"1218006"
"2116";"121";"1222909"
"2117";"226";"1222909"
"2118";"127";"1235577"
"2119";"531";"1235577"
"2131";"141";"1241904"
"2132";"585";"1241904"
"2136";"133";"1245996"
"2137";"459";"1245996"
"2142";"133";"1267620"
"2143";"459";"1267620"
